mode,co2_grams_per_km,passengers_avg,co2_per_person_km,yearly_co2_kg,yearly_savings_kg
ICE Car,192,1.5,128.0,640.0,0.0
EV Car,50,1.5,33.333333333333336,166.66666666666669,473.33333333333326
Bus,89,30.0,2.966666666666667,14.833333333333334,625.1666666666666
Metro,41,150.0,0.2733333333333333,1.3666666666666667,638.6333333333333
Bike,0,1.0,0.0,0.0,640.0
Walking,0,1.0,0.0,0.0,640.0
Motorcycle,103,1.0,103.0,515.0,125.0
